Member,Type,Section,Length_m,Total_kg,UR
1,COLUMN,TAPERED 0.300 0.006 0.400 0.200 0.010 0.200 0.010,6.0,287.4,0.138
2,COLUMN,TAPERED 0.300 0.006 0.400 0.200 0.010 0.200 0.010,6.0,287.4,0.138
3,HAUNCH,TAPERED 0.300 0.006 0.500 0.225 0.010 0.225 0.010,3.997,216.63,0.682
4,RAFTER,TAPERED 0.400 0.006 0.300 0.200 0.010 0.200 0.010,15.987,765.79,0.782
5,RAFTER,TAPERED 0.400 0.006 0.300 0.200 0.010 0.200 0.010,15.987,765.79,0.782
6,HAUNCH,TAPERED 0.300 0.006 0.500 0.225 0.010 0.225 0.010,3.997,216.63,0.682
7,ENDWALL_COL,WB200,6.663,169.24,0.555
8,ENDWALL_COL,WB200,7.326,186.08,0.555
9,ENDWALL_COL,WB200,7.989,202.92,0.555
10,ENDWALL_COL,WB200,7.326,186.08,0.555
11,ENDWALL_COL,WB200,6.663,169.24,0.555
12,CANOPY_BEAM,WB250,2.55,95.1,0.133
13,CANOPY_STRUT,200X65X15NB,3.202,15.37,0.333
14,COLUMN,TAPERED 0.300 0.006 0.400 0.200 0.010 0.200 0.010,6.0,287.4,0.138
15,COLUMN,TAPERED 0.300 0.006 0.400 0.200 0.010 0.200 0.010,6.0,287.4,0.138
16,HAUNCH,TAPERED 0.300 0.006 0.500 0.225 0.010 0.225 0.010,3.997,216.63,0.682
17,RAFTER,TAPERED 0.400 0.006 0.300 0.200 0.010 0.200 0.010,15.987,765.79,0.782
18,RAFTER,TAPERED 0.400 0.006 0.300 0.200 0.010 0.200 0.010,15.987,765.79,0.782
19,HAUNCH,TAPERED 0.300 0.006 0.500 0.225 0.010 0.225 0.010,3.997,216.63,0.682
20,COLUMN,TAPERED 0.300 0.006 0.400 0.200 0.010 0.200 0.010,6.0,287.4,0.138
21,COLUMN,TAPERED 0.300 0.006 0.400 0.200 0.010 0.200 0.010,6.0,287.4,0.138
22,HAUNCH,TAPERED 0.300 0.006 0.500 0.225 0.010 0.225 0.010,3.997,216.63,0.682
23,RAFTER,TAPERED 0.400 0.006 0.300 0.200 0.010 0.200 0.010,15.987,765.79,0.782
24,RAFTER,TAPERED 0.400 0.006 0.300 0.200 0.010 0.200 0.010,15.987,765.79,0.782
25,HAUNCH,TAPERED 0.300 0.006 0.500 0.225 0.010 0.225 0.010,3.997,216.63,0.682
26,CANOPY_BEAM,WB250,2.55,95.1,0.133
27,CANOPY_STRUT,200X65X15NB,3.202,15.37,0.333
28,COLUMN,TAPERED 0.300 0.006 0.400 0.200 0.010 0.200 0.010,6.0,287.4,0.138
29,COLUMN,TAPERED 0.300 0.006 0.400 0.200 0.010 0.200 0.010,6.0,287.4,0.138
30,HAUNCH,TAPERED 0.300 0.006 0.500 0.225 0.010 0.225 0.010,3.997,216.63,0.682
31,RAFTER,TAPERED 0.400 0.006 0.300 0.200 0.010 0.200 0.010,15.987,765.79,0.782
32,RAFTER,TAPERED 0.400 0.006 0.300 0.200 0.010 0.200 0.010,15.987,765.79,0.782
33,HAUNCH,TAPERED 0.300 0.006 0.500 0.225 0.010 0.225 0.010,3.997,216.63,0.682
34,COLUMN,TAPERED 0.300 0.006 0.400 0.200 0.010 0.200 0.010,6.0,287.4,0.138
35,COLUMN,TAPERED 0.300 0.006 0.400 0.200 0.010 0.200 0.010,6.0,287.4,0.138
36,HAUNCH,TAPERED 0.300 0.006 0.500 0.225 0.010 0.225 0.010,3.997,216.63,0.682
37,RAFTER,TAPERED 0.400 0.006 0.300 0.200 0.010 0.200 0.010,15.987,765.79,0.782
38,RAFTER,TAPERED 0.400 0.006 0.300 0.200 0.010 0.200 0.010,15.987,765.79,0.782
39,HAUNCH,TAPERED 0.300 0.006 0.500 0.225 0.010 0.225 0.010,3.997,216.63,0.682
40,CANOPY_BEAM,WB250,2.55,95.1,0.133
41,CANOPY_STRUT,200X65X15NB,3.202,15.37,0.333
42,COLUMN,TAPERED 0.300 0.006 0.400 0.200 0.010 0.200 0.010,6.0,287.4,0.138
43,COLUMN,TAPERED 0.300 0.006 0.400 0.200 0.010 0.200 0.010,6.0,287.4,0.138
44,HAUNCH,TAPERED 0.300 0.006 0.500 0.225 0.010 0.225 0.010,3.997,216.63,0.682
45,RAFTER,TAPERED 0.400 0.006 0.300 0.200 0.010 0.200 0.010,15.987,765.79,0.782
46,RAFTER,TAPERED 0.400 0.006 0.300 0.200 0.010 0.200 0.010,15.987,765.79,0.782
47,HAUNCH,TAPERED 0.300 0.006 0.500 0.225 0.010 0.225 0.010,3.997,216.63,0.682
48,COLUMN,TAPERED 0.300 0.006 0.400 0.200 0.010 0.200 0.010,6.0,287.4,0.138
49,COLUMN,TAPERED 0.300 0.006 0.400 0.200 0.010 0.200 0.010,6.0,287.4,0.138
50,HAUNCH,TAPERED 0.300 0.006 0.500 0.225 0.010 0.225 0.010,3.997,216.63,0.682
51,RAFTER,TAPERED 0.400 0.006 0.300 0.200 0.010 0.200 0.010,15.987,765.79,0.782
52,RAFTER,TAPERED 0.400 0.006 0.300 0.200 0.010 0.200 0.010,15.987,765.79,0.782
53,HAUNCH,TAPERED 0.300 0.006 0.500 0.225 0.010 0.225 0.010,3.997,216.63,0.682
54,CANOPY_BEAM,WB250,2.55,95.1,0.133
55,CANOPY_STRUT,200X65X15NB,3.202,15.37,0.333
56,COLUMN,TAPERED 0.300 0.006 0.400 0.200 0.010 0.200 0.010,6.0,287.4,0.138
57,COLUMN,TAPERED 0.300 0.006 0.400 0.200 0.010 0.200 0.010,6.0,287.4,0.138
58,HAUNCH,TAPERED 0.300 0.006 0.500 0.225 0.010 0.225 0.010,3.997,216.63,0.682
59,RAFTER,TAPERED 0.400 0.006 0.300 0.200 0.010 0.200 0.010,15.987,765.79,0.782
60,RAFTER,TAPERED 0.400 0.006 0.300 0.200 0.010 0.200 0.010,15.987,765.79,0.782
61,HAUNCH,TAPERED 0.300 0.006 0.500 0.225 0.010 0.225 0.010,3.997,216.63,0.682
62,COLUMN,TAPERED 0.300 0.006 0.400 0.200 0.010 0.200 0.010,6.0,287.4,0.138
63,COLUMN,TAPERED 0.300 0.006 0.400 0.200 0.010 0.200 0.010,6.0,287.4,0.138
64,HAUNCH,TAPERED 0.300 0.006 0.500 0.225 0.010 0.225 0.010,3.997,216.63,0.682
65,RAFTER,TAPERED 0.400 0.006 0.300 0.200 0.010 0.200 0.010,15.987,765.79,0.782
66,RAFTER,TAPERED 0.400 0.006 0.300 0.200 0.010 0.200 0.010,15.987,765.79,0.782
67,HAUNCH,TAPERED 0.300 0.006 0.500 0.225 0.010 0.225 0.010,3.997,216.63,0.682
68,CANOPY_BEAM,WB250,2.55,95.1,0.133
69,CANOPY_STRUT,200X65X15NB,3.202,15.37,0.333
70,COLUMN,TAPERED 0.300 0.006 0.400 0.200 0.010 0.200 0.010,6.0,287.4,0.138
71,COLUMN,TAPERED 0.300 0.006 0.400 0.200 0.010 0.200 0.010,6.0,287.4,0.138
72,HAUNCH,TAPERED 0.300 0.006 0.500 0.225 0.010 0.225 0.010,3.997,216.63,0.682
73,RAFTER,TAPERED 0.400 0.006 0.300 0.200 0.010 0.200 0.010,15.987,765.79,0.782
74,RAFTER,TAPERED 0.400 0.006 0.300 0.200 0.010 0.200 0.010,15.987,765.79,0.782
75,HAUNCH,TAPERED 0.300 0.006 0.500 0.225 0.010 0.225 0.010,3.997,216.63,0.682
76,COLUMN,TAPERED 0.300 0.006 0.400 0.200 0.010 0.200 0.010,6.0,287.4,0.138
77,COLUMN,TAPERED 0.300 0.006 0.400 0.200 0.010 0.200 0.010,6.0,287.4,0.138
78,HAUNCH,TAPERED 0.300 0.006 0.500 0.225 0.010 0.225 0.010,3.997,216.63,0.682
79,RAFTER,TAPERED 0.400 0.006 0.300 0.200 0.010 0.200 0.010,15.987,765.79,0.782
80,RAFTER,TAPERED 0.400 0.006 0.300 0.200 0.010 0.200 0.010,15.987,765.79,0.782
81,HAUNCH,TAPERED 0.300 0.006 0.500 0.225 0.010 0.225 0.010,3.997,216.63,0.682
82,CANOPY_BEAM,WB250,2.55,95.1,0.133
83,CANOPY_STRUT,200X65X15NB,3.202,15.37,0.333
84,COLUMN,TAPERED 0.300 0.006 0.400 0.200 0.010 0.200 0.010,6.0,287.4,0.138
85,COLUMN,TAPERED 0.300 0.006 0.400 0.200 0.010 0.200 0.010,6.0,287.4,0.138
86,HAUNCH,TAPERED 0.300 0.006 0.500 0.225 0.010 0.225 0.010,3.997,216.63,0.682
87,RAFTER,TAPERED 0.400 0.006 0.300 0.200 0.010 0.200 0.010,15.987,765.79,0.782
88,RAFTER,TAPERED 0.400 0.006 0.300 0.200 0.010 0.200 0.010,15.987,765.79,0.782
89,HAUNCH,TAPERED 0.300 0.006 0.500 0.225 0.010 0.225 0.010,3.997,216.63,0.682
90,COLUMN,TAPERED 0.300 0.006 0.400 0.200 0.010 0.200 0.010,6.0,287.4,0.138
91,COLUMN,TAPERED 0.300 0.006 0.400 0.200 0.010 0.200 0.010,6.0,287.4,0.138
92,HAUNCH,TAPERED 0.300 0.006 0.500 0.225 0.010 0.225 0.010,3.997,216.63,0.682
93,RAFTER,TAPERED 0.400 0.006 0.300 0.200 0.010 0.200 0.010,15.987,765.79,0.782
94,RAFTER,TAPERED 0.400 0.006 0.300 0.200 0.010 0.200 0.010,15.987,765.79,0.782
95,HAUNCH,TAPERED 0.300 0.006 0.500 0.225 0.010 0.225 0.010,3.997,216.63,0.682
96,CANOPY_BEAM,WB250,2.55,95.1,0.133
97,CANOPY_STRUT,200X65X15NB,3.202,15.37,0.333
98,COLUMN,TAPERED 0.300 0.006 0.400 0.200 0.010 0.200 0.010,6.0,287.4,0.138
99,COLUMN,TAPERED 0.300 0.006 0.400 0.200 0.010 0.200 0.010,6.0,287.4,0.138
100,HAUNCH,TAPERED 0.300 0.006 0.500 0.225 0.010 0.225 0.010,3.997,216.63,0.682
101,RAFTER,TAPERED 0.400 0.006 0.300 0.200 0.010 0.200 0.010,15.987,765.79,0.782
102,RAFTER,TAPERED 0.400 0.006 0.300 0.200 0.010 0.200 0.010,15.987,765.79,0.782
103,HAUNCH,TAPERED 0.300 0.006 0.500 0.225 0.010 0.225 0.010,3.997,216.63,0.682
104,COLUMN,TAPERED 0.300 0.006 0.400 0.200 0.010 0.200 0.010,6.0,287.4,0.138
105,COLUMN,TAPERED 0.300 0.006 0.400 0.200 0.010 0.200 0.010,6.0,287.4,0.138
106,HAUNCH,TAPERED 0.300 0.006 0.500 0.225 0.010 0.225 0.010,3.997,216.63,0.682
107,RAFTER,TAPERED 0.400 0.006 0.300 0.200 0.010 0.200 0.010,15.987,765.79,0.782
108,RAFTER,TAPERED 0.400 0.006 0.300 0.200 0.010 0.200 0.010,15.987,765.79,0.782
109,HAUNCH,TAPERED 0.300 0.006 0.500 0.225 0.010 0.225 0.010,3.997,216.63,0.682
110,CANOPY_BEAM,WB250,2.55,95.1,0.133
111,CANOPY_STRUT,200X65X15NB,3.202,15.37,0.333
112,COLUMN,TAPERED 0.300 0.006 0.400 0.200 0.010 0.200 0.010,6.0,287.4,0.138
113,COLUMN,TAPERED 0.300 0.006 0.400 0.200 0.010 0.200 0.010,6.0,287.4,0.138
114,HAUNCH,TAPERED 0.300 0.006 0.500 0.225 0.010 0.225 0.010,3.997,216.63,0.682
115,RAFTER,TAPERED 0.400 0.006 0.300 0.200 0.010 0.200 0.010,15.987,765.79,0.782
116,RAFTER,TAPERED 0.400 0.006 0.300 0.200 0.010 0.200 0.010,15.987,765.79,0.782
117,HAUNCH,TAPERED 0.300 0.006 0.500 0.225 0.010 0.225 0.010,3.997,216.63,0.682
118,COLUMN,TAPERED 0.300 0.006 0.400 0.200 0.010 0.200 0.010,6.0,287.4,0.138
119,COLUMN,TAPERED 0.300 0.006 0.400 0.200 0.010 0.200 0.010,6.0,287.4,0.138
120,HAUNCH,TAPERED 0.300 0.006 0.500 0.225 0.010 0.225 0.010,3.997,216.63,0.682
121,RAFTER,TAPERED 0.400 0.006 0.300 0.200 0.010 0.200 0.010,15.987,765.79,0.782
122,RAFTER,TAPERED 0.400 0.006 0.300 0.200 0.010 0.200 0.010,15.987,765.79,0.782
123,HAUNCH,TAPERED 0.300 0.006 0.500 0.225 0.010 0.225 0.010,3.997,216.63,0.682
124,ENDWALL_COL,WB200,6.663,169.24,0.555
125,ENDWALL_COL,WB200,7.326,186.08,0.555
126,ENDWALL_COL,WB200,7.989,202.92,0.555
127,ENDWALL_COL,WB200,7.326,186.08,0.555
128,ENDWALL_COL,WB200,6.663,169.24,0.555
129,CANOPY_BEAM,WB250,2.55,95.1,0.133
130,CANOPY_STRUT,200X65X15NB,3.202,15.37,0.333
131,PURLIN,200X65X15NB,7.203,34.57,0.333
132,PURLIN,200X65X15NB,7.203,34.57,0.333
133,PURLIN,200X65X15NB,7.203,34.57,0.333
134,PURLIN,200X65X15NB,7.203,34.57,0.333
135,PURLIN,200X65X15NB,7.203,34.57,0.333
136,PURLIN,200X65X15NB,7.203,34.57,0.333
137,PURLIN,200X65X15NB,7.203,34.57,0.333
138,PURLIN,200X65X15NB,7.203,34.57,0.333
139,PURLIN,200X65X15NB,7.203,34.57,0.333
140,PURLIN,200X65X15NB,7.203,34.57,0.333
141,PURLIN,200X65X15NB,7.203,34.57,0.333
142,PURLIN,200X65X15NB,7.203,34.57,0.333
143,PURLIN,200X65X15NB,7.203,34.57,0.333
144,PURLIN,200X65X15NB,7.203,34.57,0.333
145,PURLIN,200X65X15NB,7.203,34.57,0.333
146,PURLIN,200X65X15NB,7.203,34.57,0.333
147,PURLIN,200X65X15NB,7.203,34.57,0.333
148,PURLIN,200X65X15NB,7.203,34.57,0.333
149,PURLIN,200X65X15NB,7.203,34.57,0.333
150,PURLIN,200X65X15NB,7.203,34.57,0.333
151,PURLIN,200X65X15NB,7.203,34.57,0.333
152,PURLIN,200X65X15NB,7.203,34.57,0.333
153,PURLIN,200X65X15NB,7.203,34.57,0.333
154,PURLIN,200X65X15NB,7.203,34.57,0.333
155,PURLIN,200X65X15NB,7.203,34.57,0.333
156,PURLIN,200X65X15NB,7.203,34.57,0.333
157,PURLIN,200X65X15NB,7.203,34.57,0.333
158,GIRT,200X65X15NB,7.203,34.57,0.333
159,GIRT,200X65X15NB,7.203,34.57,0.333
160,GIRT,200X65X15NB,7.203,34.57,0.333
161,GIRT,200X65X15NB,7.203,34.57,0.333
162,BRACING,ISA75X75X6,9.375,63.75,0.2
163,BRACING,ISA75X75X6,9.375,63.75,0.2
164,BRACING,ISA75X75X6,9.375,63.75,0.2
165,BRACING,ISA75X75X6,9.375,63.75,0.2
166,BRACING,ISA75X75X6,21.243,144.45,0.2
167,BRACING,ISA75X75X6,21.243,144.45,0.2
168,BRACING,ISA75X75X6,21.243,144.45,0.2
169,BRACING,ISA75X75X6,21.243,144.45,0.2
170,PURLIN,200X65X15NB,7.203,34.57,0.333
171,PURLIN,200X65X15NB,7.203,34.57,0.333
172,PURLIN,200X65X15NB,7.203,34.57,0.333
173,PURLIN,200X65X15NB,7.203,34.57,0.333
174,PURLIN,200X65X15NB,7.203,34.57,0.333
175,PURLIN,200X65X15NB,7.203,34.57,0.333
176,PURLIN,200X65X15NB,7.203,34.57,0.333
177,PURLIN,200X65X15NB,7.203,34.57,0.333
178,PURLIN,200X65X15NB,7.203,34.57,0.333
179,PURLIN,200X65X15NB,7.203,34.57,0.333
180,PURLIN,200X65X15NB,7.203,34.57,0.333
181,PURLIN,200X65X15NB,7.203,34.57,0.333
182,PURLIN,200X65X15NB,7.203,34.57,0.333
183,PURLIN,200X65X15NB,7.203,34.57,0.333
184,PURLIN,200X65X15NB,7.203,34.57,0.333
185,PURLIN,200X65X15NB,7.203,34.57,0.333
186,PURLIN,200X65X15NB,7.203,34.57,0.333
187,PURLIN,200X65X15NB,7.203,34.57,0.333
188,PURLIN,200X65X15NB,7.203,34.57,0.333
189,PURLIN,200X65X15NB,7.203,34.57,0.333
190,PURLIN,200X65X15NB,7.203,34.57,0.333
191,PURLIN,200X65X15NB,7.203,34.57,0.333
192,PURLIN,200X65X15NB,7.203,34.57,0.333
193,PURLIN,200X65X15NB,7.203,34.57,0.333
194,PURLIN,200X65X15NB,7.203,34.57,0.333
195,PURLIN,200X65X15NB,7.203,34.57,0.333
196,PURLIN,200X65X15NB,7.203,34.57,0.333
197,GIRT,200X65X15NB,7.203,34.57,0.333
198,GIRT,200X65X15NB,7.203,34.57,0.333
199,JAMB,WB200,2.0,50.8,0.1
200,JAMB,WB200,2.0,50.8,0.1
201,HEADER,WB200,4.0,101.6,0.1
202,GIRT,200X65X15NB,7.203,34.57,0.333
203,GIRT,200X65X15NB,7.203,34.57,0.333
204,PURLIN,200X65X15NB,7.203,34.57,0.333
205,PURLIN,200X65X15NB,7.203,34.57,0.333
206,PURLIN,200X65X15NB,7.203,34.57,0.333
207,PURLIN,200X65X15NB,7.203,34.57,0.333
208,PURLIN,200X65X15NB,7.203,34.57,0.333
209,PURLIN,200X65X15NB,7.203,34.57,0.333
210,PURLIN,200X65X15NB,7.203,34.57,0.333
211,PURLIN,200X65X15NB,7.203,34.57,0.333
212,PURLIN,200X65X15NB,7.203,34.57,0.333
213,PURLIN,200X65X15NB,7.203,34.57,0.333
214,PURLIN,200X65X15NB,7.203,34.57,0.333
215,PURLIN,200X65X15NB,7.203,34.57,0.333
216,PURLIN,200X65X15NB,7.203,34.57,0.333
217,PURLIN,200X65X15NB,7.203,34.57,0.333
218,PURLIN,200X65X15NB,7.203,34.57,0.333
219,PURLIN,200X65X15NB,7.203,34.57,0.333
220,PURLIN,200X65X15NB,7.203,34.57,0.333
221,PURLIN,200X65X15NB,7.203,34.57,0.333
222,PURLIN,200X65X15NB,7.203,34.57,0.333
223,PURLIN,200X65X15NB,7.203,34.57,0.333
224,PURLIN,200X65X15NB,7.203,34.57,0.333
225,PURLIN,200X65X15NB,7.203,34.57,0.333
226,PURLIN,200X65X15NB,7.203,34.57,0.333
227,PURLIN,200X65X15NB,7.203,34.57,0.333
228,PURLIN,200X65X15NB,7.203,34.57,0.333
229,PURLIN,200X65X15NB,7.203,34.57,0.333
230,PURLIN,200X65X15NB,7.203,34.57,0.333
231,GIRT,200X65X15NB,7.203,34.57,0.333
232,GIRT,200X65X15NB,7.203,34.57,0.333
233,GIRT,200X65X15NB,7.203,34.57,0.333
234,GIRT,200X65X15NB,7.203,34.57,0.333
235,PURLIN,200X65X15NB,7.203,34.57,0.333
236,PURLIN,200X65X15NB,7.203,34.57,0.333
237,PURLIN,200X65X15NB,7.203,34.57,0.333
238,PURLIN,200X65X15NB,7.203,34.57,0.333
239,PURLIN,200X65X15NB,7.203,34.57,0.333
240,PURLIN,200X65X15NB,7.203,34.57,0.333
241,PURLIN,200X65X15NB,7.203,34.57,0.333
242,PURLIN,200X65X15NB,7.203,34.57,0.333
243,PURLIN,200X65X15NB,7.203,34.57,0.333
244,PURLIN,200X65X15NB,7.203,34.57,0.333
245,PURLIN,200X65X15NB,7.203,34.57,0.333
246,PURLIN,200X65X15NB,7.203,34.57,0.333
247,PURLIN,200X65X15NB,7.203,34.57,0.333
248,PURLIN,200X65X15NB,7.203,34.57,0.333
249,PURLIN,200X65X15NB,7.203,34.57,0.333
250,PURLIN,200X65X15NB,7.203,34.57,0.333
251,PURLIN,200X65X15NB,7.203,34.57,0.333
252,PURLIN,200X65X15NB,7.203,34.57,0.333
253,PURLIN,200X65X15NB,7.203,34.57,0.333
254,PURLIN,200X65X15NB,7.203,34.57,0.333
255,PURLIN,200X65X15NB,7.203,34.57,0.333
256,PURLIN,200X65X15NB,7.203,34.57,0.333
257,PURLIN,200X65X15NB,7.203,34.57,0.333
258,PURLIN,200X65X15NB,7.203,34.57,0.333
259,PURLIN,200X65X15NB,7.203,34.57,0.333
260,PURLIN,200X65X15NB,7.203,34.57,0.333
261,PURLIN,200X65X15NB,7.203,34.57,0.333
262,GIRT,200X65X15NB,7.203,34.57,0.333
263,GIRT,200X65X15NB,7.203,34.57,0.333
264,GIRT,200X65X15NB,7.203,34.57,0.333
265,GIRT,200X65X15NB,7.203,34.57,0.333
266,PURLIN,200X65X15NB,7.203,34.57,0.333
267,PURLIN,200X65X15NB,7.203,34.57,0.333
268,PURLIN,200X65X15NB,7.203,34.57,0.333
269,PURLIN,200X65X15NB,7.203,34.57,0.333
270,PURLIN,200X65X15NB,7.203,34.57,0.333
271,PURLIN,200X65X15NB,7.203,34.57,0.333
272,PURLIN,200X65X15NB,7.203,34.57,0.333
273,PURLIN,200X65X15NB,7.203,34.57,0.333
274,PURLIN,200X65X15NB,7.203,34.57,0.333
275,PURLIN,200X65X15NB,7.203,34.57,0.333
276,PURLIN,200X65X15NB,7.203,34.57,0.333
277,PURLIN,200X65X15NB,7.203,34.57,0.333
278,PURLIN,200X65X15NB,7.203,34.57,0.333
279,PURLIN,200X65X15NB,7.203,34.57,0.333
280,PURLIN,200X65X15NB,7.203,34.57,0.333
281,PURLIN,200X65X15NB,7.203,34.57,0.333
282,PURLIN,200X65X15NB,7.203,34.57,0.333
283,PURLIN,200X65X15NB,7.203,34.57,0.333
284,PURLIN,200X65X15NB,7.203,34.57,0.333
285,PURLIN,200X65X15NB,7.203,34.57,0.333
286,PURLIN,200X65X15NB,7.203,34.57,0.333
287,PURLIN,200X65X15NB,7.203,34.57,0.333
288,PURLIN,200X65X15NB,7.203,34.57,0.333
289,PURLIN,200X65X15NB,7.203,34.57,0.333
290,PURLIN,200X65X15NB,7.203,34.57,0.333
291,PURLIN,200X65X15NB,7.203,34.57,0.333
292,PURLIN,200X65X15NB,7.203,34.57,0.333
293,GIRT,200X65X15NB,7.203,34.57,0.333
294,GIRT,200X65X15NB,7.203,34.57,0.333
295,GIRT,200X65X15NB,7.203,34.57,0.333
296,GIRT,200X65X15NB,7.203,34.57,0.333
297,PURLIN,200X65X15NB,7.203,34.57,0.333
298,PURLIN,200X65X15NB,7.203,34.57,0.333
299,PURLIN,200X65X15NB,7.203,34.57,0.333
300,PURLIN,200X65X15NB,7.203,34.57,0.333
301,PURLIN,200X65X15NB,7.203,34.57,0.333
302,PURLIN,200X65X15NB,7.203,34.57,0.333
303,PURLIN,200X65X15NB,7.203,34.57,0.333
304,PURLIN,200X65X15NB,7.203,34.57,0.333
305,PURLIN,200X65X15NB,7.203,34.57,0.333
306,PURLIN,200X65X15NB,7.203,34.57,0.333
307,PURLIN,200X65X15NB,7.203,34.57,0.333
308,PURLIN,200X65X15NB,7.203,34.57,0.333
309,PURLIN,200X65X15NB,7.203,34.57,0.333
310,PURLIN,200X65X15NB,7.203,34.57,0.333
311,PURLIN,200X65X15NB,7.203,34.57,0.333
312,PURLIN,200X65X15NB,7.203,34.57,0.333
313,PURLIN,200X65X15NB,7.203,34.57,0.333
314,PURLIN,200X65X15NB,7.203,34.57,0.333
315,PURLIN,200X65X15NB,7.203,34.57,0.333
316,PURLIN,200X65X15NB,7.203,34.57,0.333
317,PURLIN,200X65X15NB,7.203,34.57,0.333
318,PURLIN,200X65X15NB,7.203,34.57,0.333
319,PURLIN,200X65X15NB,7.203,34.57,0.333
320,PURLIN,200X65X15NB,7.203,34.57,0.333
321,PURLIN,200X65X15NB,7.203,34.57,0.333
322,PURLIN,200X65X15NB,7.203,34.57,0.333
323,PURLIN,200X65X15NB,7.203,34.57,0.333
324,GIRT,200X65X15NB,7.203,34.57,0.333
325,GIRT,200X65X15NB,7.203,34.57,0.333
326,GIRT,200X65X15NB,7.203,34.57,0.333
327,GIRT,200X65X15NB,7.203,34.57,0.333
328,PURLIN,200X65X15NB,7.203,34.57,0.333
329,PURLIN,200X65X15NB,7.203,34.57,0.333
330,PURLIN,200X65X15NB,7.203,34.57,0.333
331,PURLIN,200X65X15NB,7.203,34.57,0.333
332,PURLIN,200X65X15NB,7.203,34.57,0.333
333,PURLIN,200X65X15NB,7.203,34.57,0.333
334,PURLIN,200X65X15NB,7.203,34.57,0.333
335,PURLIN,200X65X15NB,7.203,34.57,0.333
336,PURLIN,200X65X15NB,7.203,34.57,0.333
337,PURLIN,200X65X15NB,7.203,34.57,0.333
338,PURLIN,200X65X15NB,7.203,34.57,0.333
339,PURLIN,200X65X15NB,7.203,34.57,0.333
340,PURLIN,200X65X15NB,7.203,34.57,0.333
341,PURLIN,200X65X15NB,7.203,34.57,0.333
342,PURLIN,200X65X15NB,7.203,34.57,0.333
343,PURLIN,200X65X15NB,7.203,34.57,0.333
344,PURLIN,200X65X15NB,7.203,34.57,0.333
345,PURLIN,200X65X15NB,7.203,34.57,0.333
346,PURLIN,200X65X15NB,7.203,34.57,0.333
347,PURLIN,200X65X15NB,7.203,34.57,0.333
348,PURLIN,200X65X15NB,7.203,34.57,0.333
349,PURLIN,200X65X15NB,7.203,34.57,0.333
350,PURLIN,200X65X15NB,7.203,34.57,0.333
351,PURLIN,200X65X15NB,7.203,34.57,0.333
352,PURLIN,200X65X15NB,7.203,34.57,0.333
353,PURLIN,200X65X15NB,7.203,34.57,0.333
354,PURLIN,200X65X15NB,7.203,34.57,0.333
355,GIRT,200X65X15NB,7.203,34.57,0.333
356,GIRT,200X65X15NB,7.203,34.57,0.333
357,GIRT,200X65X15NB,7.203,34.57,0.333
358,GIRT,200X65X15NB,7.203,34.57,0.333
359,PURLIN,200X65X15NB,7.203,34.57,0.333
360,PURLIN,200X65X15NB,7.203,34.57,0.333
361,PURLIN,200X65X15NB,7.203,34.57,0.333
362,PURLIN,200X65X15NB,7.203,34.57,0.333
363,PURLIN,200X65X15NB,7.203,34.57,0.333
364,PURLIN,200X65X15NB,7.203,34.57,0.333
365,PURLIN,200X65X15NB,7.203,34.57,0.333
366,PURLIN,200X65X15NB,7.203,34.57,0.333
367,PURLIN,200X65X15NB,7.203,34.57,0.333
368,PURLIN,200X65X15NB,7.203,34.57,0.333
369,PURLIN,200X65X15NB,7.203,34.57,0.333
370,PURLIN,200X65X15NB,7.203,34.57,0.333
371,PURLIN,200X65X15NB,7.203,34.57,0.333
372,PURLIN,200X65X15NB,7.203,34.57,0.333
373,PURLIN,200X65X15NB,7.203,34.57,0.333
374,PURLIN,200X65X15NB,7.203,34.57,0.333
375,PURLIN,200X65X15NB,7.203,34.57,0.333
376,PURLIN,200X65X15NB,7.203,34.57,0.333
377,PURLIN,200X65X15NB,7.203,34.57,0.333
378,PURLIN,200X65X15NB,7.203,34.57,0.333
379,PURLIN,200X65X15NB,7.203,34.57,0.333
380,PURLIN,200X65X15NB,7.203,34.57,0.333
381,PURLIN,200X65X15NB,7.203,34.57,0.333
382,PURLIN,200X65X15NB,7.203,34.57,0.333
383,PURLIN,200X65X15NB,7.203,34.57,0.333
384,PURLIN,200X65X15NB,7.203,34.57,0.333
385,PURLIN,200X65X15NB,7.203,34.57,0.333
386,GIRT,200X65X15NB,7.203,34.57,0.333
387,GIRT,200X65X15NB,7.203,34.57,0.333
388,GIRT,200X65X15NB,7.203,34.57,0.333
389,GIRT,200X65X15NB,7.203,34.57,0.333
390,PURLIN,200X65X15NB,7.203,34.57,0.333
391,PURLIN,200X65X15NB,7.203,34.57,0.333
392,PURLIN,200X65X15NB,7.203,34.57,0.333
393,PURLIN,200X65X15NB,7.203,34.57,0.333
394,PURLIN,200X65X15NB,7.203,34.57,0.333
395,PURLIN,200X65X15NB,7.203,34.57,0.333
396,PURLIN,200X65X15NB,7.203,34.57,0.333
397,PURLIN,200X65X15NB,7.203,34.57,0.333
398,PURLIN,200X65X15NB,7.203,34.57,0.333
399,PURLIN,200X65X15NB,7.203,34.57,0.333
400,PURLIN,200X65X15NB,7.203,34.57,0.333
401,PURLIN,200X65X15NB,7.203,34.57,0.333
402,PURLIN,200X65X15NB,7.203,34.57,0.333
403,PURLIN,200X65X15NB,7.203,34.57,0.333
404,PURLIN,200X65X15NB,7.203,34.57,0.333
405,PURLIN,200X65X15NB,7.203,34.57,0.333
406,PURLIN,200X65X15NB,7.203,34.57,0.333
407,PURLIN,200X65X15NB,7.203,34.57,0.333
408,PURLIN,200X65X15NB,7.203,34.57,0.333
409,PURLIN,200X65X15NB,7.203,34.57,0.333
410,PURLIN,200X65X15NB,7.203,34.57,0.333
411,PURLIN,200X65X15NB,7.203,34.57,0.333
412,PURLIN,200X65X15NB,7.203,34.57,0.333
413,PURLIN,200X65X15NB,7.203,34.57,0.333
414,PURLIN,200X65X15NB,7.203,34.57,0.333
415,PURLIN,200X65X15NB,7.203,34.57,0.333
416,PURLIN,200X65X15NB,7.203,34.57,0.333
417,GIRT,200X65X15NB,7.203,34.57,0.333
418,GIRT,200X65X15NB,7.203,34.57,0.333
419,GIRT,200X65X15NB,7.203,34.57,0.333
420,GIRT,200X65X15NB,7.203,34.57,0.333
421,PURLIN,200X65X15NB,7.203,34.57,0.333
422,PURLIN,200X65X15NB,7.203,34.57,0.333
423,PURLIN,200X65X15NB,7.203,34.57,0.333
424,PURLIN,200X65X15NB,7.203,34.57,0.333
425,PURLIN,200X65X15NB,7.203,34.57,0.333
426,PURLIN,200X65X15NB,7.203,34.57,0.333
427,PURLIN,200X65X15NB,7.203,34.57,0.333
428,PURLIN,200X65X15NB,7.203,34.57,0.333
429,PURLIN,200X65X15NB,7.203,34.57,0.333
430,PURLIN,200X65X15NB,7.203,34.57,0.333
431,PURLIN,200X65X15NB,7.203,34.57,0.333
432,PURLIN,200X65X15NB,7.203,34.57,0.333
433,PURLIN,200X65X15NB,7.203,34.57,0.333
434,PURLIN,200X65X15NB,7.203,34.57,0.333
435,PURLIN,200X65X15NB,7.203,34.57,0.333
436,PURLIN,200X65X15NB,7.203,34.57,0.333
437,PURLIN,200X65X15NB,7.203,34.57,0.333
438,PURLIN,200X65X15NB,7.203,34.57,0.333
439,PURLIN,200X65X15NB,7.203,34.57,0.333
440,PURLIN,200X65X15NB,7.203,34.57,0.333
441,PURLIN,200X65X15NB,7.203,34.57,0.333
442,PURLIN,200X65X15NB,7.203,34.57,0.333
443,PURLIN,200X65X15NB,7.203,34.57,0.333
444,PURLIN,200X65X15NB,7.203,34.57,0.333
445,PURLIN,200X65X15NB,7.203,34.57,0.333
446,PURLIN,200X65X15NB,7.203,34.57,0.333
447,PURLIN,200X65X15NB,7.203,34.57,0.333
448,GIRT,200X65X15NB,7.203,34.57,0.333
449,GIRT,200X65X15NB,7.203,34.57,0.333
450,GIRT,200X65X15NB,7.203,34.57,0.333
451,GIRT,200X65X15NB,7.203,34.57,0.333
452,PURLIN,200X65X15NB,7.203,34.57,0.333
453,PURLIN,200X65X15NB,7.203,34.57,0.333
454,PURLIN,200X65X15NB,7.203,34.57,0.333
455,PURLIN,200X65X15NB,7.203,34.57,0.333
456,PURLIN,200X65X15NB,7.203,34.57,0.333
457,PURLIN,200X65X15NB,7.203,34.57,0.333
458,PURLIN,200X65X15NB,7.203,34.57,0.333
459,PURLIN,200X65X15NB,7.203,34.57,0.333
460,PURLIN,200X65X15NB,7.203,34.57,0.333
461,PURLIN,200X65X15NB,7.203,34.57,0.333
462,PURLIN,200X65X15NB,7.203,34.57,0.333
463,PURLIN,200X65X15NB,7.203,34.57,0.333
464,PURLIN,200X65X15NB,7.203,34.57,0.333
465,PURLIN,200X65X15NB,7.203,34.57,0.333
466,PURLIN,200X65X15NB,7.203,34.57,0.333
467,PURLIN,200X65X15NB,7.203,34.57,0.333
468,PURLIN,200X65X15NB,7.203,34.57,0.333
469,PURLIN,200X65X15NB,7.203,34.57,0.333
470,PURLIN,200X65X15NB,7.203,34.57,0.333
471,PURLIN,200X65X15NB,7.203,34.57,0.333
472,PURLIN,200X65X15NB,7.203,34.57,0.333
473,PURLIN,200X65X15NB,7.203,34.57,0.333
474,PURLIN,200X65X15NB,7.203,34.57,0.333
475,PURLIN,200X65X15NB,7.203,34.57,0.333
476,PURLIN,200X65X15NB,7.203,34.57,0.333
477,PURLIN,200X65X15NB,7.203,34.57,0.333
478,PURLIN,200X65X15NB,7.203,34.57,0.333
479,GIRT,200X65X15NB,7.203,34.57,0.333
480,GIRT,200X65X15NB,7.203,34.57,0.333
481,GIRT,200X65X15NB,7.203,34.57,0.333
482,GIRT,200X65X15NB,7.203,34.57,0.333
483,PURLIN,200X65X15NB,7.203,34.57,0.333
484,PURLIN,200X65X15NB,7.203,34.57,0.333
485,PURLIN,200X65X15NB,7.203,34.57,0.333
486,PURLIN,200X65X15NB,7.203,34.57,0.333
487,PURLIN,200X65X15NB,7.203,34.57,0.333
488,PURLIN,200X65X15NB,7.203,34.57,0.333
489,PURLIN,200X65X15NB,7.203,34.57,0.333
490,PURLIN,200X65X15NB,7.203,34.57,0.333
491,PURLIN,200X65X15NB,7.203,34.57,0.333
492,PURLIN,200X65X15NB,7.203,34.57,0.333
493,PURLIN,200X65X15NB,7.203,34.57,0.333
494,PURLIN,200X65X15NB,7.203,34.57,0.333
495,PURLIN,200X65X15NB,7.203,34.57,0.333
496,PURLIN,200X65X15NB,7.203,34.57,0.333
497,PURLIN,200X65X15NB,7.203,34.57,0.333
498,PURLIN,200X65X15NB,7.203,34.57,0.333
499,PURLIN,200X65X15NB,7.203,34.57,0.333
500,PURLIN,200X65X15NB,7.203,34.57,0.333
501,PURLIN,200X65X15NB,7.203,34.57,0.333
502,PURLIN,200X65X15NB,7.203,34.57,0.333
503,PURLIN,200X65X15NB,7.203,34.57,0.333
504,PURLIN,200X65X15NB,7.203,34.57,0.333
505,PURLIN,200X65X15NB,7.203,34.57,0.333
506,PURLIN,200X65X15NB,7.203,34.57,0.333
507,PURLIN,200X65X15NB,7.203,34.57,0.333
508,PURLIN,200X65X15NB,7.203,34.57,0.333
509,PURLIN,200X65X15NB,7.203,34.57,0.333
510,GIRT,200X65X15NB,7.203,34.57,0.333
511,GIRT,200X65X15NB,7.203,34.57,0.333
512,GIRT,200X65X15NB,7.203,34.57,0.333
513,GIRT,200X65X15NB,7.203,34.57,0.333
514,PURLIN,200X65X15NB,7.203,34.57,0.333
515,PURLIN,200X65X15NB,7.203,34.57,0.333
516,PURLIN,200X65X15NB,7.203,34.57,0.333
517,PURLIN,200X65X15NB,7.203,34.57,0.333
518,PURLIN,200X65X15NB,7.203,34.57,0.333
519,PURLIN,200X65X15NB,7.203,34.57,0.333
520,PURLIN,200X65X15NB,7.203,34.57,0.333
521,PURLIN,200X65X15NB,7.203,34.57,0.333
522,PURLIN,200X65X15NB,7.203,34.57,0.333
523,PURLIN,200X65X15NB,7.203,34.57,0.333
524,PURLIN,200X65X15NB,7.203,34.57,0.333
525,PURLIN,200X65X15NB,7.203,34.57,0.333
526,PURLIN,200X65X15NB,7.203,34.57,0.333
527,PURLIN,200X65X15NB,7.203,34.57,0.333
528,PURLIN,200X65X15NB,7.203,34.57,0.333
529,PURLIN,200X65X15NB,7.203,34.57,0.333
530,PURLIN,200X65X15NB,7.203,34.57,0.333
531,PURLIN,200X65X15NB,7.203,34.57,0.333
532,PURLIN,200X65X15NB,7.203,34.57,0.333
533,PURLIN,200X65X15NB,7.203,34.57,0.333
534,PURLIN,200X65X15NB,7.203,34.57,0.333
535,PURLIN,200X65X15NB,7.203,34.57,0.333
536,PURLIN,200X65X15NB,7.203,34.57,0.333
537,PURLIN,200X65X15NB,7.203,34.57,0.333
538,PURLIN,200X65X15NB,7.203,34.57,0.333
539,PURLIN,200X65X15NB,7.203,34.57,0.333
540,PURLIN,200X65X15NB,7.203,34.57,0.333
541,GIRT,200X65X15NB,7.203,34.57,0.333
542,GIRT,200X65X15NB,7.203,34.57,0.333
543,GIRT,200X65X15NB,7.203,34.57,0.333
544,GIRT,200X65X15NB,7.203,34.57,0.333
545,PURLIN,200X65X15NB,7.203,34.57,0.333
546,PURLIN,200X65X15NB,7.203,34.57,0.333
547,PURLIN,200X65X15NB,7.203,34.57,0.333
548,PURLIN,200X65X15NB,7.203,34.57,0.333
549,PURLIN,200X65X15NB,7.203,34.57,0.333
550,PURLIN,200X65X15NB,7.203,34.57,0.333
551,PURLIN,200X65X15NB,7.203,34.57,0.333
552,PURLIN,200X65X15NB,7.203,34.57,0.333
553,PURLIN,200X65X15NB,7.203,34.57,0.333
554,PURLIN,200X65X15NB,7.203,34.57,0.333
555,PURLIN,200X65X15NB,7.203,34.57,0.333
556,PURLIN,200X65X15NB,7.203,34.57,0.333
557,PURLIN,200X65X15NB,7.203,34.57,0.333
558,PURLIN,200X65X15NB,7.203,34.57,0.333
559,PURLIN,200X65X15NB,7.203,34.57,0.333
560,PURLIN,200X65X15NB,7.203,34.57,0.333
561,PURLIN,200X65X15NB,7.203,34.57,0.333
562,PURLIN,200X65X15NB,7.203,34.57,0.333
563,PURLIN,200X65X15NB,7.203,34.57,0.333
564,PURLIN,200X65X15NB,7.203,34.57,0.333
565,PURLIN,200X65X15NB,7.203,34.57,0.333
566,PURLIN,200X65X15NB,7.203,34.57,0.333
567,PURLIN,200X65X15NB,7.203,34.57,0.333
568,PURLIN,200X65X15NB,7.203,34.57,0.333
569,PURLIN,200X65X15NB,7.203,34.57,0.333
570,PURLIN,200X65X15NB,7.203,34.57,0.333
571,PURLIN,200X65X15NB,7.203,34.57,0.333
572,GIRT,200X65X15NB,7.203,34.57,0.333
573,GIRT,200X65X15NB,7.203,34.57,0.333
574,GIRT,200X65X15NB,7.203,34.57,0.333
575,GIRT,200X65X15NB,7.203,34.57,0.333
576,PURLIN,200X65X15NB,7.203,34.57,0.333
577,PURLIN,200X65X15NB,7.203,34.57,0.333
578,PURLIN,200X65X15NB,7.203,34.57,0.333
579,PURLIN,200X65X15NB,7.203,34.57,0.333
580,PURLIN,200X65X15NB,7.203,34.57,0.333
581,PURLIN,200X65X15NB,7.203,34.57,0.333
582,PURLIN,200X65X15NB,7.203,34.57,0.333
583,PURLIN,200X65X15NB,7.203,34.57,0.333
584,PURLIN,200X65X15NB,7.203,34.57,0.333
585,PURLIN,200X65X15NB,7.203,34.57,0.333
586,PURLIN,200X65X15NB,7.203,34.57,0.333
587,PURLIN,200X65X15NB,7.203,34.57,0.333
588,PURLIN,200X65X15NB,7.203,34.57,0.333
589,PURLIN,200X65X15NB,7.203,34.57,0.333
590,PURLIN,200X65X15NB,7.203,34.57,0.333
591,PURLIN,200X65X15NB,7.203,34.57,0.333
592,PURLIN,200X65X15NB,7.203,34.57,0.333
593,PURLIN,200X65X15NB,7.203,34.57,0.333
594,PURLIN,200X65X15NB,7.203,34.57,0.333
595,PURLIN,200X65X15NB,7.203,34.57,0.333
596,PURLIN,200X65X15NB,7.203,34.57,0.333
597,PURLIN,200X65X15NB,7.203,34.57,0.333
598,PURLIN,200X65X15NB,7.203,34.57,0.333
599,PURLIN,200X65X15NB,7.203,34.57,0.333
600,PURLIN,200X65X15NB,7.203,34.57,0.333
601,PURLIN,200X65X15NB,7.203,34.57,0.333
602,PURLIN,200X65X15NB,7.203,34.57,0.333
603,GIRT,200X65X15NB,7.203,34.57,0.333
604,GIRT,200X65X15NB,7.203,34.57,0.333
605,GIRT,200X65X15NB,7.203,34.57,0.333
606,GIRT,200X65X15NB,7.203,34.57,0.333
607,PURLIN,200X65X15NB,7.203,34.57,0.333
608,PURLIN,200X65X15NB,7.203,34.57,0.333
609,PURLIN,200X65X15NB,7.203,34.57,0.333
610,PURLIN,200X65X15NB,7.203,34.57,0.333
611,PURLIN,200X65X15NB,7.203,34.57,0.333
612,PURLIN,200X65X15NB,7.203,34.57,0.333
613,PURLIN,200X65X15NB,7.203,34.57,0.333
614,PURLIN,200X65X15NB,7.203,34.57,0.333
615,PURLIN,200X65X15NB,7.203,34.57,0.333
616,PURLIN,200X65X15NB,7.203,34.57,0.333
617,PURLIN,200X65X15NB,7.203,34.57,0.333
618,PURLIN,200X65X15NB,7.203,34.57,0.333
619,PURLIN,200X65X15NB,7.203,34.57,0.333
620,PURLIN,200X65X15NB,7.203,34.57,0.333
621,PURLIN,200X65X15NB,7.203,34.57,0.333
622,PURLIN,200X65X15NB,7.203,34.57,0.333
623,PURLIN,200X65X15NB,7.203,34.57,0.333
624,PURLIN,200X65X15NB,7.203,34.57,0.333
625,PURLIN,200X65X15NB,7.203,34.57,0.333
626,PURLIN,200X65X15NB,7.203,34.57,0.333
627,PURLIN,200X65X15NB,7.203,34.57,0.333
628,PURLIN,200X65X15NB,7.203,34.57,0.333
629,PURLIN,200X65X15NB,7.203,34.57,0.333
630,PURLIN,200X65X15NB,7.203,34.57,0.333
631,PURLIN,200X65X15NB,7.203,34.57,0.333
632,PURLIN,200X65X15NB,7.203,34.57,0.333
633,PURLIN,200X65X15NB,7.203,34.57,0.333
634,GIRT,200X65X15NB,7.203,34.57,0.333
635,GIRT,200X65X15NB,7.203,34.57,0.333
636,GIRT,200X65X15NB,7.203,34.57,0.333
637,GIRT,200X65X15NB,7.203,34.57,0.333
638,BRACING,ISA75X75X6,9.375,63.75,0.2
639,BRACING,ISA75X75X6,9.375,63.75,0.2
640,BRACING,ISA75X75X6,9.375,63.75,0.2
641,BRACING,ISA75X75X6,9.375,63.75,0.2
642,BRACING,ISA75X75X6,21.243,144.45,0.2
643,BRACING,ISA75X75X6,21.243,144.45,0.2
644,BRACING,ISA75X75X6,21.243,144.45,0.2
645,BRACING,ISA75X75X6,21.243,144.45,0.2
646,CAGE_LADDER,ISA75X75X6,6.0,40.8,0.2
647,MEZZ_BEAM,WB350,39.77,2262.91,0.794
648,MEZZ_BEAM,WB350,39.77,2262.91,0.794
649,MEZZ_BEAM,WB350,39.77,2262.91,0.794
650,MEZZ_BEAM,WB350,39.77,2262.91,0.794
651,MEZZ_BEAM,WB350,39.77,2262.91,0.794
652,MEZZ_BEAM,WB350,39.77,2262.91,0.794
653,MEZZ_BEAM,WB350,39.77,2262.91,0.794
654,MEZZ_BEAM,WB350,39.77,2262.91,0.794
655,MEZZ_BEAM,WB350,39.77,2262.91,0.794
656,MEZZ_BEAM,WB350,39.77,2262.91,0.794
657,MEZZ_BEAM,WB350,39.77,2262.91,0.794
658,MEZZ_BEAM,WB350,39.77,2262.91,0.794
659,MEZZ_BEAM,WB350,39.77,2262.91,0.794
660,MEZZ_BEAM,WB350,39.77,2262.91,0.794
661,MEZZ_BEAM,WB350,39.77,2262.91,0.794
662,MEZZ_BEAM,WB350,39.77,2262.91,0.794
663,MEZZ_BEAM,WB350,39.77,2262.91,0.794
664,MEZZ_JOIST,WB300,7.203,332.06,0.333
665,MEZZ_JOIST,WB300,7.203,332.06,0.333
666,MEZZ_JOIST,WB300,7.203,332.06,0.333
667,MEZZ_JOIST,WB300,7.203,332.06,0.333
668,MEZZ_JOIST,WB300,7.203,332.06,0.333
669,MEZZ_JOIST,WB300,7.203,332.06,0.333
670,MEZZ_JOIST,WB300,7.203,332.06,0.333
671,MEZZ_JOIST,WB300,7.203,332.06,0.333
672,MEZZ_JOIST,WB300,7.203,332.06,0.333
673,MEZZ_JOIST,WB300,7.203,332.06,0.333
674,MEZZ_JOIST,WB300,7.203,332.06,0.333
675,MEZZ_JOIST,WB300,7.203,332.06,0.333
676,MEZZ_JOIST,WB300,7.203,332.06,0.333
677,MEZZ_JOIST,WB300,7.203,332.06,0.333
678,MEZZ_JOIST,WB300,7.203,332.06,0.333
679,MEZZ_JOIST,WB300,7.203,332.06,0.333
680,MEZZ_JOIST,WB300,7.203,332.06,0.333
681,MEZZ_JOIST,WB300,7.203,332.06,0.333
682,MEZZ_JOIST,WB300,7.203,332.06,0.333
683,MEZZ_JOIST,WB300,7.203,332.06,0.333
684,MEZZ_JOIST,WB300,7.203,332.06,0.333
685,MEZZ_JOIST,WB300,7.203,332.06,0.333
686,MEZZ_JOIST,WB300,7.203,332.06,0.333
687,MEZZ_JOIST,WB300,7.203,332.06,0.333
688,MEZZ_JOIST,WB300,7.203,332.06,0.333
689,MEZZ_JOIST,WB300,7.203,332.06,0.333
690,MEZZ_JOIST,WB300,7.203,332.06,0.333
691,MEZZ_JOIST,WB300,7.203,332.06,0.333
692,MEZZ_JOIST,WB300,7.203,332.06,0.333
693,MEZZ_JOIST,WB300,7.203,332.06,0.333
694,MEZZ_JOIST,WB300,7.203,332.06,0.333
695,MEZZ_JOIST,WB300,7.203,332.06,0.333
696,MEZZ_JOIST,WB300,7.203,332.06,0.333
697,MEZZ_JOIST,WB300,7.203,332.06,0.333
698,MEZZ_JOIST,WB300,7.203,332.06,0.333
699,MEZZ_JOIST,WB300,7.203,332.06,0.333
700,MEZZ_JOIST,WB300,7.203,332.06,0.333
701,MEZZ_JOIST,WB300,7.203,332.06,0.333
702,MEZZ_JOIST,WB300,7.203,332.06,0.333
703,MEZZ_JOIST,WB300,7.203,332.06,0.333
704,MEZZ_JOIST,WB300,7.203,332.06,0.333
705,MEZZ_JOIST,WB300,7.203,332.06,0.333
706,MEZZ_JOIST,WB300,7.203,332.06,0.333
707,MEZZ_JOIST,WB300,7.203,332.06,0.333
708,MEZZ_JOIST,WB300,7.203,332.06,0.333
709,MEZZ_JOIST,WB300,7.203,332.06,0.333
710,MEZZ_JOIST,WB300,7.203,332.06,0.333
711,MEZZ_JOIST,WB300,7.203,332.06,0.333
712,MEZZ_JOIST,WB300,7.203,332.06,0.333
713,MEZZ_JOIST,WB300,7.203,332.06,0.333
714,MEZZ_JOIST,WB300,7.203,332.06,0.333
715,MEZZ_JOIST,WB300,7.203,332.06,0.333
716,MEZZ_JOIST,WB300,7.203,332.06,0.333
717,MEZZ_JOIST,WB300,7.203,332.06,0.333
718,MEZZ_JOIST,WB300,7.203,332.06,0.333
719,MEZZ_JOIST,WB300,7.203,332.06,0.333
720,MEZZ_JOIST,WB300,7.203,332.06,0.333
721,MEZZ_JOIST,WB300,7.203,332.06,0.333
722,MEZZ_JOIST,WB300,7.203,332.06,0.333
723,MEZZ_JOIST,WB300,7.203,332.06,0.333
724,MEZZ_JOIST,WB300,7.203,332.06,0.333
725,MEZZ_JOIST,WB300,7.203,332.06,0.333
726,MEZZ_JOIST,WB300,7.203,332.06,0.333
727,MEZZ_JOIST,WB300,7.203,332.06,0.333
728,MEZZ_JOIST,WB300,7.203,332.06,0.333
729,MEZZ_JOIST,WB300,7.203,332.06,0.333
730,MEZZ_JOIST,WB300,7.203,332.06,0.333
731,MEZZ_JOIST,WB300,7.203,332.06,0.333
732,MEZZ_JOIST,WB300,7.203,332.06,0.333
733,MEZZ_JOIST,WB300,7.203,332.06,0.333
734,MEZZ_JOIST,WB300,7.203,332.06,0.333
735,MEZZ_JOIST,WB300,7.203,332.06,0.333
736,MEZZ_JOIST,WB300,7.203,332.06,0.333
737,MEZZ_JOIST,WB300,7.203,332.06,0.333
738,MEZZ_JOIST,WB300,7.203,332.06,0.333
739,MEZZ_JOIST,WB300,7.203,332.06,0.333
740,MEZZ_JOIST,WB300,7.203,332.06,0.333
741,MEZZ_JOIST,WB300,7.203,332.06,0.333
742,MEZZ_JOIST,WB300,7.203,332.06,0.333
743,MEZZ_JOIST,WB300,7.203,332.06,0.333
744,MEZZ_JOIST,WB300,7.203,332.06,0.333
745,MEZZ_JOIST,WB300,7.203,332.06,0.333
746,MEZZ_JOIST,WB300,7.203,332.06,0.333
747,MEZZ_JOIST,WB300,7.203,332.06,0.333
748,MEZZ_JOIST,WB300,7.203,332.06,0.333
749,MEZZ_JOIST,WB300,7.203,332.06,0.333
750,MEZZ_JOIST,WB300,7.203,332.06,0.333
751,MEZZ_JOIST,WB300,7.203,332.06,0.333
752,MEZZ_JOIST,WB300,7.203,332.06,0.333
753,MEZZ_JOIST,WB300,7.203,332.06,0.333
754,MEZZ_JOIST,WB300,7.203,332.06,0.333
755,MEZZ_JOIST,WB300,7.203,332.06,0.333
756,MEZZ_JOIST,WB300,7.203,332.06,0.333
757,MEZZ_JOIST,WB300,7.203,332.06,0.333
758,MEZZ_JOIST,WB300,7.203,332.06,0.333
759,MEZZ_JOIST,WB300,7.203,332.06,0.333
760,MEZZ_JOIST,WB300,7.203,332.06,0.333
761,MEZZ_JOIST,WB300,7.203,332.06,0.333
762,MEZZ_JOIST,WB300,7.203,332.06,0.333
763,MEZZ_JOIST,WB300,7.203,332.06,0.333
764,MEZZ_JOIST,WB300,7.203,332.06,0.333
765,MEZZ_JOIST,WB300,7.203,332.06,0.333
766,MEZZ_JOIST,WB300,7.203,332.06,0.333
767,MEZZ_JOIST,WB300,7.203,332.06,0.333
768,MEZZ_JOIST,WB300,7.203,332.06,0.333
769,MEZZ_JOIST,WB300,7.203,332.06,0.333
770,MEZZ_JOIST,WB300,7.203,332.06,0.333
771,MEZZ_JOIST,WB300,7.203,332.06,0.333
772,MEZZ_JOIST,WB300,7.203,332.06,0.333
773,MEZZ_JOIST,WB300,7.203,332.06,0.333
774,MEZZ_JOIST,WB300,7.203,332.06,0.333
775,MEZZ_JOIST,WB300,7.203,332.06,0.333
776,MEZZ_JOIST,WB300,7.203,332.06,0.333
777,MEZZ_JOIST,WB300,7.203,332.06,0.333
778,MEZZ_JOIST,WB300,7.203,332.06,0.333
779,MEZZ_JOIST,WB300,7.203,332.06,0.333
780,MEZZ_JOIST,WB300,7.203,332.06,0.333
781,MEZZ_JOIST,WB300,7.203,332.06,0.333
782,MEZZ_JOIST,WB300,7.203,332.06,0.333
783,MEZZ_JOIST,WB300,7.203,332.06,0.333
784,MEZZ_JOIST,WB300,7.203,332.06,0.333
785,MEZZ_JOIST,WB300,7.203,332.06,0.333
786,MEZZ_JOIST,WB300,7.203,332.06,0.333
787,MEZZ_JOIST,WB300,7.203,332.06,0.333
788,MEZZ_JOIST,WB300,7.203,332.06,0.333
789,MEZZ_JOIST,WB300,7.203,332.06,0.333
790,MEZZ_JOIST,WB300,7.203,332.06,0.333
791,MEZZ_JOIST,WB300,7.203,332.06,0.333
792,MEZZ_JOIST,WB300,7.203,332.06,0.333
793,MEZZ_JOIST,WB300,7.203,332.06,0.333
794,MEZZ_JOIST,WB300,7.203,332.06,0.333
795,MEZZ_JOIST,WB300,7.203,332.06,0.333
796,MEZZ_JOIST,WB300,7.203,332.06,0.333
797,MEZZ_JOIST,WB300,7.203,332.06,0.333
798,MEZZ_JOIST,WB300,7.203,332.06,0.333
799,MEZZ_JOIST,WB300,7.203,332.06,0.333
800,MEZZ_JOIST,WB300,7.203,332.06,0.333
801,MEZZ_JOIST,WB300,7.203,332.06,0.333
802,MEZZ_JOIST,WB300,7.203,332.06,0.333
803,MEZZ_JOIST,WB300,7.203,332.06,0.333
804,MEZZ_JOIST,WB300,7.203,332.06,0.333
805,MEZZ_JOIST,WB300,7.203,332.06,0.333
806,MEZZ_JOIST,WB300,7.203,332.06,0.333
807,MEZZ_JOIST,WB300,7.203,332.06,0.333
808,MEZZ_JOIST,WB300,7.203,332.06,0.333
809,MEZZ_JOIST,WB300,7.203,332.06,0.333
810,MEZZ_JOIST,WB300,7.203,332.06,0.333
811,MEZZ_JOIST,WB300,7.203,332.06,0.333
812,MEZZ_JOIST,WB300,7.203,332.06,0.333
813,MEZZ_JOIST,WB300,7.203,332.06,0.333
814,MEZZ_JOIST,WB300,7.203,332.06,0.333
815,MEZZ_JOIST,WB300,7.203,332.06,0.333
816,MEZZ_JOIST,WB300,7.203,332.06,0.333
817,MEZZ_JOIST,WB300,7.203,332.06,0.333
818,MEZZ_JOIST,WB300,7.203,332.06,0.333
819,MEZZ_JOIST,WB300,7.203,332.06,0.333
820,MEZZ_JOIST,WB300,7.203,332.06,0.333
821,MEZZ_JOIST,WB300,7.203,332.06,0.333
822,MEZZ_JOIST,WB300,7.203,332.06,0.333
823,MEZZ_JOIST,WB300,7.203,332.06,0.333
824,MEZZ_JOIST,WB300,7.203,332.06,0.333
825,MEZZ_JOIST,WB300,7.203,332.06,0.333
826,MEZZ_JOIST,WB300,7.203,332.06,0.333
827,MEZZ_JOIST,WB300,7.203,332.06,0.333
828,MEZZ_JOIST,WB300,7.203,332.06,0.333
829,MEZZ_JOIST,WB300,7.203,332.06,0.333
830,MEZZ_JOIST,WB300,7.203,332.06,0.333
831,MEZZ_JOIST,WB300,7.203,332.06,0.333
832,MEZZ_JOIST,WB300,7.203,332.06,0.333
833,MEZZ_JOIST,WB300,7.203,332.06,0.333
834,MEZZ_JOIST,WB300,7.203,332.06,0.333
835,MEZZ_JOIST,WB300,7.203,332.06,0.333
836,MEZZ_JOIST,WB300,7.203,332.06,0.333
837,MEZZ_JOIST,WB300,7.203,332.06,0.333
838,MEZZ_JOIST,WB300,7.203,332.06,0.333
839,MEZZ_JOIST,WB300,7.203,332.06,0.333
840,MEZZ_JOIST,WB300,7.203,332.06,0.333
841,MEZZ_JOIST,WB300,7.203,332.06,0.333
842,MEZZ_JOIST,WB300,7.203,332.06,0.333
843,MEZZ_JOIST,WB300,7.203,332.06,0.333
844,MEZZ_JOIST,WB300,7.203,332.06,0.333
845,MEZZ_JOIST,WB300,7.203,332.06,0.333
846,MEZZ_JOIST,WB300,7.203,332.06,0.333
847,MEZZ_JOIST,WB300,7.203,332.06,0.333
848,MEZZ_JOIST,WB300,7.203,332.06,0.333
849,MEZZ_JOIST,WB300,7.203,332.06,0.333
850,MEZZ_JOIST,WB300,7.203,332.06,0.333
851,MEZZ_JOIST,WB300,7.203,332.06,0.333
852,MEZZ_JOIST,WB300,7.203,332.06,0.333
853,MEZZ_JOIST,WB300,7.203,332.06,0.333
854,MEZZ_JOIST,WB300,7.203,332.06,0.333
855,MEZZ_JOIST,WB300,7.203,332.06,0.333
856,MEZZ_JOIST,WB300,7.203,332.06,0.333
857,MEZZ_JOIST,WB300,7.203,332.06,0.333
858,MEZZ_JOIST,WB300,7.203,332.06,0.333
859,MEZZ_JOIST,WB300,7.203,332.06,0.333
860,MEZZ_JOIST,WB300,7.203,332.06,0.333
861,MEZZ_JOIST,WB300,7.203,332.06,0.333
862,MEZZ_JOIST,WB300,7.203,332.06,0.333
863,MEZZ_JOIST,WB300,7.203,332.06,0.333
864,MEZZ_JOIST,WB300,7.203,332.06,0.333
865,MEZZ_JOIST,WB300,7.203,332.06,0.333
866,MEZZ_JOIST,WB300,7.203,332.06,0.333
867,MEZZ_JOIST,WB300,7.203,332.06,0.333
868,MEZZ_JOIST,WB300,7.203,332.06,0.333
869,MEZZ_JOIST,WB300,7.203,332.06,0.333
870,MEZZ_JOIST,WB300,7.203,332.06,0.333
871,MEZZ_JOIST,WB300,7.203,332.06,0.333
872,MEZZ_JOIST,WB300,7.203,332.06,0.333
873,MEZZ_JOIST,WB300,7.203,332.06,0.333
874,MEZZ_JOIST,WB300,7.203,332.06,0.333
875,MEZZ_JOIST,WB300,7.203,332.06,0.333
876,MEZZ_JOIST,WB300,7.203,332.06,0.333
877,MEZZ_JOIST,WB300,7.203,332.06,0.333
878,MEZZ_JOIST,WB300,7.203,332.06,0.333
879,MEZZ_JOIST,WB300,7.203,332.06,0.333
880,MEZZ_JOIST,WB300,7.203,332.06,0.333
881,MEZZ_JOIST,WB300,7.203,332.06,0.333
882,MEZZ_JOIST,WB300,7.203,332.06,0.333
883,MEZZ_JOIST,WB300,7.203,332.06,0.333
884,MEZZ_JOIST,WB300,7.203,332.06,0.333
885,MEZZ_JOIST,WB300,7.203,332.06,0.333
886,MEZZ_JOIST,WB300,7.203,332.06,0.333
887,MEZZ_JOIST,WB300,7.203,332.06,0.333
